epoch,total_loss,segmentation_loss,dense_predictor_loss
1,1.6129411309957504,1.074094469845295,0.5388466723263263
2,1.5333372831344605,0.9951383396983147,0.5381989449262619
3,1.5069103509187698,0.9790821745991707,0.5278281927108764
4,1.4720706909894943,0.9526918292045593,0.5193788722157479
5,1.4788070380687715,0.9415420413017273,0.537264996021986
6,1.4564238637685776,0.9257502049207688,0.5306736752390862
7,1.44785118997097,0.8960654214024544,0.5517857596278191
8,1.4316332787275314,0.8920055463910103,0.5396277226507664
9,1.4037593245506286,0.8746338531374931,0.5291254706680775
10,1.4075737029314042,0.8564667254686356,0.5511069782078266
