epoch,total_loss,segmentation_loss,online_tokenizer_loss,dense_predictor_loss,mod_loss
1,1.917426,1.047153,0.322584,0.547688,0.870273
2,1.738265,0.971640,0.234580,0.532045,0.766625
3,1.570070,0.936287,0.106762,0.527021,0.633783
4,1.565107,0.915503,0.107690,0.541913,0.649604
5,1.552330,0.907094,0.097649,0.547586,0.645236
6,1.514343,0.884058,0.098800,0.531485,0.630285
7,1.519995,0.871084,0.104258,0.544654,0.648912
8,1.512394,0.859200,0.111693,0.541501,0.653194
9,1.483371,0.851071,0.101877,0.530423,0.632300
10,1.447785,0.822442,0.093973,0.531370,0.625344
