epoch,segmentation_loss,online_tokenizer_loss,dense_predictor_loss,mod_loss,total_loss,lambda_ot_before,lambda_dp_before,lambda_ot_after,lambda_dp_after,training_time_seconds,gpu_peak_memory_gb
1,1.066300,0.274989,0.536074,0.811063,1.877363,1.000000,1.000000,1.287760,1.098909,33.02,2.97
2,1.006983,0.210906,0.551446,0.877585,1.884569,1.287760,1.098909,1.553787,1.186255,33.84,2.97
3,0.969424,0.052045,0.529498,0.708986,1.678409,1.553787,1.186255,1.824149,1.263470,36.51,2.97
4,0.952713,0.049462,0.539183,0.771468,1.724181,1.824149,1.263470,2.000000,1.331042,36.55,2.97
5,0.932778,0.052388,0.536412,0.818762,1.751540,2.000000,1.331042,2.000000,1.389856,35.60,2.97
6,0.920933,0.048823,0.536034,0.842656,1.763589,2.000000,1.389856,2.000000,1.440780,36.10,2.97
7,0.901777,0.049858,0.526550,0.858360,1.760136,2.000000,1.440780,2.000000,1.484779,40.34,2.97
8,0.895939,0.046226,0.530624,0.880311,1.776250,2.000000,1.484779,2.000000,1.522472,37.79,2.97
9,0.882016,0.048388,0.514056,0.879411,1.761427,2.000000,1.522472,2.000000,1.554989,37.21,2.97
10,0.866041,0.052481,0.543513,0.950120,1.816161,2.000000,1.554989,2.000000,1.581668,37.10,2.97
